epoch,time,train/box_loss,train/cls_loss,train/dfl_loss,metrics/precision(B),metrics/recall(B),metrics/mAP50(B),metrics/mAP50-95(B),val/box_loss,val/cls_loss,val/dfl_loss,lr/pg0,lr/pg1,lr/pg2
1,17.9365,4.67681,5.67281,4.32249,0,0,0,0,3.28185,4.5869,4.15893,2e-05,2e-05,2e-05
2,35.4839,3.57627,5.81687,4.54121,0,0,0,0,3.28134,4.58695,4.15893,5.98812e-05,5.98812e-05,5.98812e-05
3,52.7455,4.46143,5.42239,4.3014,0,0,0,0,3.28078,4.58728,4.15892,9.9604e-05,9.9604e-05,9.9604e-05
4,70.0794,4.57691,5.44825,4.27192,0,0,0,0,3.2803,4.58784,4.15892,0.000139168,0.000139168,0.000139168
5,79.1326,3.85196,5.39064,4.32038,0,0,0,0,3.27983,4.58843,4.15889,0.000178574,0.000178574,0.000178574
6,88.0587,4.00023,4.6738,4.26686,0,0,0,0,3.27943,4.58893,4.1588,0.000217822,0.000217822,0.000217822
7,97.1156,3.57787,4.78682,4.24507,0,0,0,0,3.27916,4.58959,4.15872,0.000256911,0.000256911,0.000256911
8,106.045,4.08841,5.06494,4.3582,0,0,0,0,3.27907,4.58945,4.15866,0.000295842,0.000295842,0.000295842
9,115.154,3.8783,4.59441,4.27235,0,0,0,0,3.27908,4.58938,4.1586,0.000334614,0.000334614,0.000334614
10,124.218,4.00996,4.40883,4.36486,0,0,0,0,3.27913,4.58983,4.15863,0.000373228,0.000373228,0.000373228
11,133.324,3.7267,4.84314,4.25906,0,0,0,0,3.27924,4.59037,4.15865,0.000411684,0.000411684,0.000411684
12,143.459,3.7421,4.72477,4.22979,0,0,0,0,3.27936,4.59094,4.15845,0.000449981,0.000449981,0.000449981
13,156.387,4.02245,4.35759,4.15225,0,0,0,0,3.27955,4.59106,4.1584,0.00048812,0.00048812,0.00048812
14,168.51,3.29065,4.81148,4.1398,0,0,0,0,3.27988,4.59166,4.15847,0.0005261,0.0005261,0.0005261
15,178.502,3.24622,4.42659,4.10474,0,0,0,0,3.2801,4.59297,4.15869,0.000563922,0.000563922,0.000563922
16,187.729,3.24985,4.04734,4.08699,0,0,0,0,3.28063,4.59406,4.15913,0.000601586,0.000601586,0.000601586
17,196.965,3.71592,4.03797,4.25424,0,0,0,0,3.28115,4.59271,4.15963,0.000639091,0.000639091,0.000639091
18,205.956,3.12827,4.44891,4.05096,0,0,0,0,3.2819,4.58663,4.16023,0.000676438,0.000676438,0.000676438
19,215.132,3.57507,4.07828,3.94383,0,0,0,0,3.28285,4.57552,4.16074,0.000713626,0.000713626,0.000713626
20,224.31,3.51796,3.9538,3.96077,0,0,0,0,3.2839,4.56207,4.16152,0.000750656,0.000750656,0.000750656
21,233.548,3.14609,3.70821,3.80326,0,0,0,0,3.28471,4.54237,4.16261,0.000787528,0.000787528,0.000787528
22,242.59,3.04197,3.10182,4.02478,0,0,0,0,3.28525,4.51823,4.16413,0.000824241,0.000824241,0.000824241
23,251.8,3.38625,3.70845,4.1393,0,0,0,0,3.28621,4.49814,4.16622,0.000860796,0.000860796,0.000860796
24,260.943,2.95631,2.81207,3.63644,0,0,0,0,3.28751,4.48503,4.17007,0.000897192,0.000897192,0.000897192
25,270.026,2.93024,3.05205,3.54319,0,0,0,0,3.28956,4.47845,4.17509,0.00093343,0.00093343,0.00093343
26,279.091,2.5196,3.28482,3.52277,0,0,0,0,3.29133,4.47053,4.18222,0.00096951,0.00096951,0.00096951
27,288.071,2.82296,2.89535,3.54557,0,0,0,0,3.29251,4.45133,4.18877,0.00100543,0.00100543,0.00100543
28,297.184,2.89641,2.86686,3.42733,0,0,0,0,3.29251,4.45133,4.18877,0.00104119,0.00104119,0.00104119
29,306.399,2.9768,3.02053,3.45512,0,0,0,0,3.29265,4.41714,4.19107,0.0010768,0.0010768,0.0010768
30,315.672,2.56745,2.60578,3.2236,0,0,0,0,3.28973,4.37892,4.19027,0.00111224,0.00111224,0.00111224
31,324.801,2.63709,2.9327,3.19588,0,0,0,0,3.28973,4.37892,4.19027,0.00114753,0.00114753,0.00114753
32,333.877,2.6433,3.10486,3.36912,0,0,0,0,3.29016,4.35515,4.19251,0.00118266,0.00118266,0.00118266
33,342.942,2.46604,2.84996,3.0571,0,0,0,0,3.29092,4.38073,4.19391,0.00121763,0.00121763,0.00121763
34,351.977,2.31564,2.54961,2.82066,0,0,0,0,3.29092,4.38073,4.19391,0.00125244,0.00125244,0.00125244
35,361.168,2.4714,2.61921,3.15926,0,0,0,0,3.29273,4.39974,4.19517,0.0012871,0.0012871,0.0012871
36,370.244,2.7234,2.77111,3.45109,0,0,0,0,3.29688,4.40254,4.19982,0.00132159,0.00132159,0.00132159
37,379.332,2.48955,2.59523,3.17011,0,0,0,0,3.29688,4.40254,4.19982,0.00135593,0.00135593,0.00135593
38,388.567,2.53115,2.48713,2.97813,0,0,0,0,3.30438,4.3811,4.2089,0.00139011,0.00139011,0.00139011
39,397.743,2.16977,2.34104,2.83886,0,0,0,0,3.31937,4.38681,4.226,0.00142413,0.00142413,0.00142413
40,406.839,2.27199,2.83852,3.32523,0,0,0,0,3.31937,4.38681,4.226,0.00145799,0.00145799,0.00145799
41,415.995,2.08695,2.20883,2.84208,0,0,0,0,3.32508,4.3903,4.23857,0.0014917,0.0014917,0.0014917
42,425.136,2.11604,2.44086,2.86472,0,0,0,0,3.32207,4.38783,4.24197,0.00152524,0.00152524,0.00152524
43,434.364,2.21883,2.42898,2.97225,0,0,0,0,3.32207,4.38783,4.24197,0.00155863,0.00155863,0.00155863
44,443.757,2.14832,2.19709,2.6937,0,0,0,0,3.3118,4.38775,4.23972,0.00159186,0.00159186,0.00159186
45,452.817,2.18294,2.01877,2.77591,0,0,0,0,3.3118,4.38775,4.23972,0.00162493,0.00162493,0.00162493
46,461.963,2.32116,2.22432,2.66521,0,0,0,0,3.2979,4.37083,4.22638,0.00165784,0.00165784,0.00165784
47,471.093,2.79819,2.73895,3.48074,0,0,0,0,3.2979,4.37083,4.22638,0.00169059,0.00169059,0.00169059
48,480.309,2.2345,2.22094,2.86779,0,0,0,0,3.28087,4.34753,4.21289,0.00172319,0.00172319,0.00172319
49,489.62,2.09234,2.59734,2.847,0,0,0,0,3.28087,4.34753,4.21289,0.00175562,0.00175562,0.00175562
50,498.768,2.26224,2.49038,2.96917,0,0,0,0,3.27295,4.37233,4.21183,0.0017879,0.0017879,0.0017879
51,507.94,2.31738,1.96621,2.58259,0,0,0,0,3.27295,4.37233,4.21183,0.001802,0.001802,0.001802
52,517.135,2.07658,2.30422,2.82231,0,0,0,0,3.26196,4.41769,4.20039,0.00179804,0.00179804,0.00179804
53,526.23,2.11507,2.33286,2.529,0,0,0,0,3.26196,4.41769,4.20039,0.00179408,0.00179408,0.00179408
54,535.755,2.28438,2.70204,2.59849,0,0,0,0,3.23888,4.43271,4.16949,0.00179012,0.00179012,0.00179012
55,545.015,1.9277,2.27905,2.46868,0,0,0,0,3.23888,4.43271,4.16949,0.00178616,0.00178616,0.00178616
56,555.391,1.94602,2.39303,2.5227,0.00065,0.1,0.00047,9e-05,3.15201,4.38724,4.10137,0.0017822,0.0017822,0.0017822
57,565.685,2.20547,2.35728,2.61524,0.00065,0.1,0.00047,9e-05,3.15201,4.38724,4.10137,0.00177824,0.00177824,0.00177824
58,575.219,1.82733,2.26546,2.50997,0.64835,0.1,0.10589,0.01912,2.76479,3.93818,3.84577,0.00177428,0.00177428,0.00177428
59,584.673,2.00073,1.84903,2.45813,0.64835,0.1,0.10589,0.01912,2.76479,3.93818,3.84577,0.00177032,0.00177032,0.00177032
60,594.174,1.99799,1.90083,2.26941,0.41682,0.3,0.27932,0.12222,2.52805,3.41066,3.56158,0.00176636,0.00176636,0.00176636
61,603.399,1.83041,2.03823,2.30096,0.41682,0.3,0.27932,0.12222,2.52805,3.41066,3.56158,0.0017624,0.0017624,0.0017624
62,612.796,1.79179,1.88569,2.33511,0.38623,0.31527,0.27035,0.11915,2.67511,2.94236,3.43132,0.00175844,0.00175844,0.00175844
63,622.072,2.11332,2.48788,2.6663,0.38623,0.31527,0.27035,0.11915,2.67511,2.94236,3.43132,0.00175448,0.00175448,0.00175448
64,631.361,1.89432,1.85575,2.24518,0.41743,0.35,0.33002,0.13686,2.59621,2.81355,3.34825,0.00175052,0.00175052,0.00175052
65,641.022,1.75978,1.72997,2.15503,0.41743,0.35,0.33002,0.13686,2.59621,2.81355,3.34825,0.00174656,0.00174656,0.00174656
66,650.567,1.80341,1.70655,2.46246,0.49751,0.4,0.36695,0.21339,2.34591,2.73213,3.16967,0.0017426,0.0017426,0.0017426
67,659.811,2.67061,2.90118,3.31567,0.49751,0.4,0.36695,0.21339,2.34591,2.73213,3.16967,0.00173864,0.00173864,0.00173864
68,669.207,1.81867,1.76053,2.25396,0.9048,0.4,0.4789,0.26182,2.22895,2.59776,3.06776,0.00173468,0.00173468,0.00173468
69,678.714,1.94455,2.06473,2.74008,0.9048,0.4,0.4789,0.26182,2.22895,2.59776,3.06776,0.00173072,0.00173072,0.00173072
70,688.15,1.86917,1.80943,2.38797,0.88744,0.45,0.48905,0.24381,2.26131,2.54786,3.10372,0.00172676,0.00172676,0.00172676
71,697.453,1.77904,1.70777,2.33292,0.88744,0.45,0.48905,0.24381,2.26131,2.54786,3.10372,0.0017228,0.0017228,0.0017228
72,706.976,1.5754,1.70964,2.20408,0.85971,0.45,0.48926,0.28964,2.0765,2.34877,2.9892,0.00171884,0.00171884,0.00171884
73,716.863,1.9263,1.76218,2.46293,0.85971,0.45,0.48926,0.28964,2.0765,2.34877,2.9892,0.00171488,0.00171488,0.00171488
74,726.275,1.70348,1.64485,2.24006,0.97199,0.45,0.51686,0.29424,1.93121,2.39066,2.9426,0.00171092,0.00171092,0.00171092
75,735.64,1.4665,1.80892,2.15212,0.97199,0.45,0.51686,0.29424,1.93121,2.39066,2.9426,0.00170696,0.00170696,0.00170696
76,745.192,1.62112,1.69673,2.46918,0.69486,0.35,0.35637,0.18996,2.07483,2.51811,3.02412,0.001703,0.001703,0.001703
77,754.572,1.64567,1.60491,2.32119,0.69486,0.35,0.35637,0.18996,2.07483,2.51811,3.02412,0.00169904,0.00169904,0.00169904
78,763.972,1.4628,1.4344,1.98997,0.34257,0.44315,0.24923,0.11325,2.0506,2.58545,2.93548,0.00169508,0.00169508,0.00169508
79,773.211,1.62054,2.04147,2.19721,0.34257,0.44315,0.24923,0.11325,2.0506,2.58545,2.93548,0.00169112,0.00169112,0.00169112
80,782.702,1.8587,1.76766,2.3623,0.58268,0.5,0.48058,0.19784,1.97957,2.0968,2.84836,0.00168716,0.00168716,0.00168716
81,792.303,1.68215,1.54846,2.20977,0.58268,0.5,0.48058,0.19784,1.97957,2.0968,2.84836,0.0016832,0.0016832,0.0016832
82,801.658,1.5913,1.66278,2.24166,0.94527,0.6,0.76235,0.3248,1.91176,1.813,2.76881,0.00167924,0.00167924,0.00167924
83,811.331,1.80962,1.6169,2.21352,0.94527,0.6,0.76235,0.3248,1.91176,1.813,2.76881,0.00167528,0.00167528,0.00167528
84,821.016,1.71497,1.63123,2.14905,0.69012,0.8,0.82171,0.42094,1.77973,1.66871,2.65212,0.00167132,0.00167132,0.00167132
85,830.291,1.63722,1.52203,2.1984,0.69012,0.8,0.82171,0.42094,1.77973,1.66871,2.65212,0.00166736,0.00166736,0.00166736
86,839.681,1.84376,1.75844,2.48822,0.83562,0.76301,0.90488,0.49332,1.75782,1.54138,2.66034,0.0016634,0.0016634,0.0016634
87,849.139,1.99063,1.95672,2.37474,0.83562,0.76301,0.90488,0.49332,1.75782,1.54138,2.66034,0.00165944,0.00165944,0.00165944
88,858.362,1.51998,1.56212,2.2183,0.891,0.85,0.90211,0.52906,1.5862,1.49679,2.5622,0.00165548,0.00165548,0.00165548
89,869.031,1.62538,1.41519,2.20488,0.891,0.85,0.90211,0.52906,1.5862,1.49679,2.5622,0.00165152,0.00165152,0.00165152
90,878.64,1.42573,1.61704,2.2203,0.70087,0.82059,0.81068,0.42287,1.71685,1.61203,2.6259,0.00164756,0.00164756,0.00164756
91,888.538,1.6748,1.94969,2.58005,0.70087,0.82059,0.81068,0.42287,1.71685,1.61203,2.6259,0.0016436,0.0016436,0.0016436
92,897.865,1.88414,1.81443,2.56831,0.96865,0.85,0.90949,0.36628,1.84567,1.70384,2.71871,0.00163964,0.00163964,0.00163964
93,907.172,1.72558,1.44353,2.33274,0.96865,0.85,0.90949,0.36628,1.84567,1.70384,2.71871,0.00163568,0.00163568,0.00163568
94,916.692,1.632,1.5222,2.13458,0.94308,0.82909,0.95706,0.46939,1.75464,1.60906,2.63259,0.00163172,0.00163172,0.00163172
95,925.87,1.534,1.43778,2.18716,0.94308,0.82909,0.95706,0.46939,1.75464,1.60906,2.63259,0.00162776,0.00162776,0.00162776
96,935.048,1.56074,1.47433,2.11866,0.93588,0.6,0.80388,0.38142,1.77198,1.6007,2.63795,0.0016238,0.0016238,0.0016238
97,944.22,1.59153,1.37879,2.03889,0.93588,0.6,0.80388,0.38142,1.77198,1.6007,2.63795,0.00161984,0.00161984,0.00161984
98,953.346,1.66088,1.51927,2.17819,0.73817,0.84593,0.83689,0.4484,1.66118,1.5834,2.51035,0.00161588,0.00161588,0.00161588
99,962.544,1.66524,1.51456,2.35358,0.73817,0.84593,0.83689,0.4484,1.66118,1.5834,2.51035,0.00161192,0.00161192,0.00161192
100,971.744,1.47434,1.32932,1.90085,1,0.89205,0.98204,0.54913,1.50578,1.34578,2.3736,0.00160796,0.00160796,0.00160796
101,980.929,1.84751,1.77904,2.55118,1,0.89205,0.98204,0.54913,1.50578,1.34578,2.3736,0.001604,0.001604,0.001604
102,990.15,1.5318,1.26666,2.00636,0.9486,0.92344,0.97583,0.56631,1.48409,1.33845,2.35725,0.00160004,0.00160004,0.00160004
103,999.206,1.26567,1.26032,1.86788,0.9486,0.92344,0.97583,0.56631,1.48409,1.33845,2.35725,0.00159608,0.00159608,0.00159608
104,1008.6,1.76218,1.42735,2.16126,1,0.86783,0.96759,0.59592,1.39396,1.23286,2.31694,0.00159212,0.00159212,0.00159212
105,1017.93,1.48352,1.31579,2.02388,1,0.86783,0.96759,0.59592,1.39396,1.23286,2.31694,0.00158816,0.00158816,0.00158816
106,1027.18,1.50423,1.31612,2.05774,0.81332,1,0.95956,0.61832,1.38811,1.2038,2.34924,0.0015842,0.0015842,0.0015842
107,1036.53,1.47188,1.24572,2.01714,0.81332,1,0.95956,0.61832,1.38811,1.2038,2.34924,0.00158024,0.00158024,0.00158024
108,1045.76,1.54785,1.24089,1.91517,0.86694,0.97789,0.96862,0.59652,1.45,1.15421,2.4245,0.00157628,0.00157628,0.00157628
109,1055.16,1.41451,1.40392,2.0995,0.86694,0.97789,0.96862,0.59652,1.45,1.15421,2.4245,0.00157232,0.00157232,0.00157232
110,1064.65,1.17082,1.34648,1.79915,0.93557,0.9,0.98024,0.56131,1.59848,1.3761,2.54181,0.00156836,0.00156836,0.00156836
111,1073.75,1.58542,1.31388,2.01371,0.93557,0.9,0.98024,0.56131,1.59848,1.3761,2.54181,0.0015644,0.0015644,0.0015644
112,1082.9,1.36079,1.22067,1.90355,1,0.78075,0.96863,0.48402,1.63721,1.76598,2.53107,0.00156044,0.00156044,0.00156044
113,1092.09,1.32852,1.3081,2.0737,1,0.78075,0.96863,0.48402,1.63721,1.76598,2.53107,0.00155648,0.00155648,0.00155648
114,1101.34,1.69851,1.40774,2.20002,1,0.89171,0.995,0.58572,1.42798,1.62284,2.35253,0.00155252,0.00155252,0.00155252
115,1110.48,1.30758,1.24282,1.80728,1,0.89171,0.995,0.58572,1.42798,1.62284,2.35253,0.00154856,0.00154856,0.00154856
116,1119.79,1.25916,1.12876,1.82804,0.99075,0.9,0.98795,0.58418,1.39779,1.25437,2.29453,0.0015446,0.0015446,0.0015446
117,1128.96,1.28578,1.38155,1.94435,0.99075,0.9,0.98795,0.58418,1.39779,1.25437,2.29453,0.00154064,0.00154064,0.00154064
118,1138.19,1.41774,1.43885,2.00342,0.82417,0.70329,0.86026,0.49915,1.45734,1.61164,2.35448,0.00153668,0.00153668,0.00153668
119,1147.36,1.43472,1.29065,1.80155,0.82417,0.70329,0.86026,0.49915,1.45734,1.61164,2.35448,0.00153272,0.00153272,0.00153272
120,1156.64,1.10957,1.13747,1.75045,0.66323,0.78813,0.79149,0.43732,1.52221,2.70145,2.39028,0.00152876,0.00152876,0.00152876
121,1165.93,1.43465,1.45105,2.01338,0.66323,0.78813,0.79149,0.43732,1.52221,2.70145,2.39028,0.0015248,0.0015248,0.0015248
122,1175.14,1.32287,1.14086,1.75509,1,0.89008,0.975,0.54991,1.53706,1.74527,2.43677,0.00152084,0.00152084,0.00152084
123,1184.24,1.47348,1.45905,1.89419,1,0.89008,0.975,0.54991,1.53706,1.74527,2.43677,0.00151688,0.00151688,0.00151688
124,1193.45,1.37663,1.24237,1.79398,0.89206,0.85,0.95217,0.57391,1.37023,1.57081,2.28111,0.00151292,0.00151292,0.00151292
125,1202.71,1.62116,1.349,2.35461,0.89206,0.85,0.95217,0.57391,1.37023,1.57081,2.28111,0.00150896,0.00150896,0.00150896
126,1211.84,2.15351,1.56645,3.07324,0.80011,0.65,0.83361,0.41696,1.63798,1.8039,2.41581,0.001505,0.001505,0.001505
127,1221.08,1.48811,1.35267,2.11573,0.80011,0.65,0.83361,0.41696,1.63798,1.8039,2.41581,0.00150104,0.00150104,0.00150104
128,1230.44,1.47909,1.25053,1.96162,0.76591,0.85,0.85595,0.49889,1.41578,1.62512,2.22998,0.00149708,0.00149708,0.00149708
129,1239.63,1.20464,1.08294,1.6579,0.76591,0.85,0.85595,0.49889,1.41578,1.62512,2.22998,0.00149312,0.00149312,0.00149312
130,1248.99,1.1165,1.06533,1.68451,0.8568,0.8,0.8825,0.514,1.51015,1.62503,2.41787,0.00148916,0.00148916,0.00148916
131,1258.12,1.47033,1.30676,1.94071,0.8568,0.8,0.8825,0.514,1.51015,1.62503,2.41787,0.0014852,0.0014852,0.0014852
132,1267.19,1.62872,1.19924,2.05566,0.89497,0.9,0.91623,0.52818,1.40743,1.63365,2.41141,0.00148124,0.00148124,0.00148124
133,1276.44,1.08226,1.17573,1.59222,0.89497,0.9,0.91623,0.52818,1.40743,1.63365,2.41141,0.00147728,0.00147728,0.00147728
134,1285.61,1.51039,1.2991,1.9045,0.91697,0.9,0.94401,0.58968,1.34539,1.62151,2.29553,0.00147332,0.00147332,0.00147332
135,1294.89,1.57199,1.23135,2.16544,0.91697,0.9,0.94401,0.58968,1.34539,1.62151,2.29553,0.00146936,0.00146936,0.00146936
136,1304.09,1.6438,1.46453,2.37153,0.96076,0.85,0.97333,0.51335,1.55836,1.30274,2.4774,0.0014654,0.0014654,0.0014654
137,1313.33,1.28255,1.12055,1.78871,0.96076,0.85,0.97333,0.51335,1.55836,1.30274,2.4774,0.00146144,0.00146144,0.00146144
138,1322.38,1.51129,1.23684,1.92451,0.86923,0.95,0.97437,0.48528,1.63413,1.60346,2.50031,0.00145748,0.00145748,0.00145748
139,1331.62,1.41507,1.27718,1.90988,0.86923,0.95,0.97437,0.48528,1.63413,1.60346,2.50031,0.00145352,0.00145352,0.00145352
140,1341.08,1.43009,1.20151,1.93799,0.88995,0.9,0.9407,0.57811,1.45359,1.19896,2.36023,0.00144956,0.00144956,0.00144956
141,1350.32,1.25255,1.08487,1.843,0.88995,0.9,0.9407,0.57811,1.45359,1.19896,2.36023,0.0014456,0.0014456,0.0014456
142,1359.61,1.26516,1.11857,1.7348,0.90253,0.92655,0.92942,0.55216,1.43909,1.12274,2.29248,0.00144164,0.00144164,0.00144164
143,1368.86,1.41113,1.20739,1.9988,0.90253,0.92655,0.92942,0.55216,1.43909,1.12274,2.29248,0.00143768,0.00143768,0.00143768
144,1378.09,1.52804,1.36927,1.94659,0.90033,0.90343,0.96325,0.52664,1.44267,1.14717,2.32599,0.00143372,0.00143372,0.00143372
145,1387.27,1.3978,1.11155,1.8503,0.90033,0.90343,0.96325,0.52664,1.44267,1.14717,2.32599,0.00142976,0.00142976,0.00142976
146,1396.61,1.27365,1.07076,1.90961,0.89926,0.85,0.96405,0.58643,1.39377,1.10315,2.29554,0.0014258,0.0014258,0.0014258
147,1405.75,1.30508,1.02406,1.77372,0.89926,0.85,0.96405,0.58643,1.39377,1.10315,2.29554,0.00142184,0.00142184,0.00142184
148,1414.98,1.4107,1.13758,1.76544,0.98338,0.85,0.96443,0.6183,1.29022,1.05925,2.21798,0.00141788,0.00141788,0.00141788
149,1424.21,1.67685,1.13254,2.0668,0.98338,0.85,0.96443,0.6183,1.29022,1.05925,2.21798,0.00141392,0.00141392,0.00141392
150,1433.49,1.33618,0.99712,1.69165,1,0.89665,0.97833,0.64651,1.24838,1.0578,2.15385,0.00140996,0.00140996,0.00140996
151,1442.63,1.31374,1.05945,1.93014,1,0.89665,0.97833,0.64651,1.24838,1.0578,2.15385,0.001406,0.001406,0.001406
152,1452.45,1.32601,1.0945,1.7369,0.81941,0.90777,0.93883,0.61015,1.27133,1.13804,2.15147,0.00140204,0.00140204,0.00140204
153,1461.56,1.17142,1.03184,1.76096,0.81941,0.90777,0.93883,0.61015,1.27133,1.13804,2.15147,0.00139808,0.00139808,0.00139808
154,1470.87,1.28094,0.95041,1.87176,0.90985,0.85,0.97618,0.60655,1.37886,1.45335,2.25536,0.00139412,0.00139412,0.00139412
155,1480.13,1.47321,1.16006,2.00042,0.90985,0.85,0.97618,0.60655,1.37886,1.45335,2.25536,0.00139016,0.00139016,0.00139016
156,1489.41,1.37027,1.08988,1.96041,0.94017,0.78631,0.94833,0.54816,1.56647,1.76856,2.45113,0.0013862,0.0013862,0.0013862
157,1498.67,1.06431,0.91163,1.54837,0.94017,0.78631,0.94833,0.54816,1.56647,1.76856,2.45113,0.00138224,0.00138224,0.00138224
158,1507.96,1.28492,1.19424,1.75619,1,0.76231,0.9432,0.48232,1.76792,1.84776,2.62579,0.00137828,0.00137828,0.00137828
159,1517.27,1.25852,1.036,1.58247,1,0.76231,0.9432,0.48232,1.76792,1.84776,2.62579,0.00137432,0.00137432,0.00137432
160,1526.65,1.18768,1.02838,1.87068,1,0.84212,0.96701,0.52367,1.69172,1.42109,2.48483,0.00137036,0.00137036,0.00137036
161,1535.88,1.3967,1.06789,1.87883,1,0.84212,0.96701,0.52367,1.69172,1.42109,2.48483,0.0013664,0.0013664,0.0013664
162,1546.38,1.48919,1.21431,1.86892,0.85737,0.95,0.97714,0.60706,1.39817,1.13816,2.18335,0.00136244,0.00136244,0.00136244
163,1555.73,1.27513,1.01411,1.69996,0.85737,0.95,0.97714,0.60706,1.39817,1.13816,2.18335,0.00135848,0.00135848,0.00135848
164,1565.18,0.97712,0.8637,1.52026,1,0.94524,0.99262,0.65389,1.30941,1.09798,2.11656,0.00135452,0.00135452,0.00135452
165,1574.36,1.54351,1.26616,2.0221,1,0.94524,0.99262,0.65389,1.30941,1.09798,2.11656,0.00135056,0.00135056,0.00135056
166,1583.58,1.2846,1.05085,1.73833,0.88483,0.76894,0.91266,0.57942,1.35436,1.54826,2.16311,0.0013466,0.0013466,0.0013466
167,1592.8,1.08014,0.94798,1.5462,0.88483,0.76894,0.91266,0.57942,1.35436,1.54826,2.16311,0.00134264,0.00134264,0.00134264
168,1602.11,1.1867,0.99083,1.53234,0.9827,0.8,0.92276,0.60478,1.30346,1.28484,2.08531,0.00133868,0.00133868,0.00133868
169,1611.24,1.27343,0.99003,1.97176,0.9827,0.8,0.92276,0.60478,1.30346,1.28484,2.08531,0.00133472,0.00133472,0.00133472
170,1620.55,1.25489,0.98906,1.71124,0.94444,0.84997,0.95397,0.62809,1.30518,1.06459,2.05557,0.00133076,0.00133076,0.00133076
171,1629.84,1.38513,0.99107,1.89122,0.94444,0.84997,0.95397,0.62809,1.30518,1.06459,2.05557,0.0013268,0.0013268,0.0013268
172,1639.13,1.26665,0.98806,1.63172,0.8967,0.86865,0.95026,0.65011,1.23348,1.0983,2.09054,0.00132284,0.00132284,0.00132284
173,1648.27,1.41052,1.05094,1.77568,0.8967,0.86865,0.95026,0.65011,1.23348,1.0983,2.09054,0.00131888,0.00131888,0.00131888
174,1657.61,1.1613,1.07658,1.88449,0.8527,0.86889,0.93731,0.64146,1.2603,1.23879,2.18048,0.00131492,0.00131492,0.00131492
175,1666.9,1.38573,1.08959,2.00125,0.8527,0.86889,0.93731,0.64146,1.2603,1.23879,2.18048,0.00131096,0.00131096,0.00131096
176,1676.27,1.20537,0.92557,1.61914,0.9347,0.71645,0.86382,0.59646,1.20736,1.39803,2.13638,0.001307,0.001307,0.001307
177,1685.52,1.51807,1.27753,2.08431,0.9347,0.71645,0.86382,0.59646,1.20736,1.39803,2.13638,0.00130304,0.00130304,0.00130304
178,1694.77,1.28796,1.03865,1.67259,0.91429,0.6,0.82786,0.57719,1.21417,1.50339,2.14096,0.00129908,0.00129908,0.00129908
179,1703.95,1.05285,0.83234,1.5994,0.91429,0.6,0.82786,0.57719,1.21417,1.50339,2.14096,0.00129512,0.00129512,0.00129512
180,1713.15,1.18618,0.9094,1.58877,1,0.63729,0.87314,0.56705,1.34552,1.35536,2.24562,0.00129116,0.00129116,0.00129116
181,1722.38,1.04798,0.81167,1.60889,1,0.63729,0.87314,0.56705,1.34552,1.35536,2.24562,0.0012872,0.0012872,0.0012872
182,1731.65,1.00761,0.90323,1.7843,0.82623,0.71375,0.87372,0.48558,1.59285,1.3138,2.42276,0.00128324,0.00128324,0.00128324
183,1740.88,1.09175,0.93333,1.55871,0.82623,0.71375,0.87372,0.48558,1.59285,1.3138,2.42276,0.00127928,0.00127928,0.00127928
184,1750.31,1.09119,0.86179,1.69353,0.83938,0.8,0.89865,0.50594,1.58687,1.25419,2.38202,0.00127532,0.00127532,0.00127532
185,1759.48,1.17119,0.90662,1.75573,0.83938,0.8,0.89865,0.50594,1.58687,1.25419,2.38202,0.00127136,0.00127136,0.00127136
186,1768.64,1.50485,1.2772,2.35112,0.77517,0.85,0.8834,0.55294,1.56768,1.34271,2.33465,0.0012674,0.0012674,0.0012674
187,1777.84,1.28445,1.02325,1.7438,0.77517,0.85,0.8834,0.55294,1.56768,1.34271,2.33465,0.00126344,0.00126344,0.00126344
188,1787.1,1.16895,0.89391,1.56421,0.85047,0.8,0.92684,0.56258,1.58932,1.34708,2.38177,0.00125948,0.00125948,0.00125948
189,1796.2,1.21404,0.8779,1.77061,0.85047,0.8,0.92684,0.56258,1.58932,1.34708,2.38177,0.00125552,0.00125552,0.00125552
190,1805.39,1.17666,0.93802,1.56559,0.82143,0.95,0.9522,0.62633,1.38723,1.14392,2.19686,0.00125156,0.00125156,0.00125156
191,1814.67,1.26794,0.96812,1.86232,0.82143,0.95,0.9522,0.62633,1.38723,1.14392,2.19686,0.0012476,0.0012476,0.0012476
192,1823.99,1.20801,0.99025,1.83761,0.83256,0.99467,0.97485,0.67405,1.13598,0.98237,1.95838,0.00124364,0.00124364,0.00124364
193,1833.21,1.11512,0.92201,1.65014,0.83256,0.99467,0.97485,0.67405,1.13598,0.98237,1.95838,0.00123968,0.00123968,0.00123968
194,1842.39,1.42206,1.27333,2.09599,0.87514,0.95,0.97497,0.64088,1.1103,1.03053,1.94705,0.00123572,0.00123572,0.00123572
195,1851.73,1.15469,1.01738,1.88297,0.87514,0.95,0.97497,0.64088,1.1103,1.03053,1.94705,0.00123176,0.00123176,0.00123176
196,1861.04,1.09385,0.9117,1.71264,0.94918,0.93446,0.98598,0.63054,1.17602,0.98739,2.01628,0.0012278,0.0012278,0.0012278
197,1870.16,1.24509,1.01792,1.63044,0.94918,0.93446,0.98598,0.63054,1.17602,0.98739,2.01628,0.00122384,0.00122384,0.00122384
198,1879.49,1.30696,0.93511,1.69163,0.91498,0.9,0.97761,0.65012,1.12465,0.94248,1.89269,0.00121988,0.00121988,0.00121988
199,1888.79,0.98534,0.84315,1.34902,0.91498,0.9,0.97761,0.65012,1.12465,0.94248,1.89269,0.00121592,0.00121592,0.00121592
200,1897.92,1.42009,1.09036,2.11671,0.8641,0.95392,0.97932,0.69382,1.08379,0.93346,1.87173,0.00121196,0.00121196,0.00121196
201,1907.15,0.99065,0.78284,1.49016,0.8641,0.95392,0.97932,0.69382,1.08379,0.93346,1.87173,0.001208,0.001208,0.001208
202,1916.36,1.17522,0.88866,1.56964,0.89661,1,0.98136,0.66556,1.21254,1.00553,2.01309,0.00120404,0.00120404,0.00120404
203,1925.51,0.95985,0.77143,1.47349,0.89661,1,0.98136,0.66556,1.21254,1.00553,2.01309,0.00120008,0.00120008,0.00120008
204,1934.71,1.10103,0.9268,1.48076,0.93717,0.95,0.98295,0.65896,1.24637,1.0903,2.02642,0.00119612,0.00119612,0.00119612
205,1943.79,1.00157,0.84196,1.54074,0.93717,0.95,0.98295,0.65896,1.24637,1.0903,2.02642,0.00119216,0.00119216,0.00119216
206,1953.09,1.15333,0.82429,1.64911,0.9061,0.96541,0.97801,0.66189,1.19268,1.01135,1.94142,0.0011882,0.0011882,0.0011882
207,1962.9,1.30687,1.04738,1.79971,0.9061,0.96541,0.97801,0.66189,1.19268,1.01135,1.94142,0.00118424,0.00118424,0.00118424
208,1972.97,1.2512,0.97292,1.61019,0.95155,0.98249,0.98548,0.67002,1.20283,0.95726,1.93341,0.00118028,0.00118028,0.00118028
209,1983.03,1.11772,0.91238,1.43671,0.95155,0.98249,0.98548,0.67002,1.20283,0.95726,1.93341,0.00117632,0.00117632,0.00117632
210,1992.58,1.15825,0.87447,1.75817,0.95228,0.99786,0.98786,0.66316,1.20763,0.88162,1.97471,0.00117236,0.00117236,0.00117236
211,2001.84,0.86072,0.78452,1.38587,0.95228,0.99786,0.98786,0.66316,1.20763,0.88162,1.97471,0.0011684,0.0011684,0.0011684
212,2010.91,0.94487,0.76198,1.34868,0.99082,0.9,0.98795,0.62788,1.32662,0.97676,2.12535,0.00116444,0.00116444,0.00116444
213,2019.97,1.04218,0.84093,1.5057,0.99082,0.9,0.98795,0.62788,1.32662,0.97676,2.12535,0.00116048,0.00116048,0.00116048
214,2029.07,1.02661,0.74852,1.54997,0.94742,0.90095,0.98417,0.61766,1.36317,1.01431,2.19662,0.00115652,0.00115652,0.00115652
215,2038.22,1.00365,0.71566,1.38425,0.94742,0.90095,0.98417,0.61766,1.36317,1.01431,2.19662,0.00115256,0.00115256,0.00115256
216,2047.61,0.95164,0.77367,1.37764,1,0.94602,0.98848,0.6123,1.26477,0.93873,2.08972,0.0011486,0.0011486,0.0011486
217,2056.89,1.23618,0.99056,1.72122,1,0.94602,0.98848,0.6123,1.26477,0.93873,2.08972,0.00114464,0.00114464,0.00114464
218,2066.16,1.09642,0.89061,1.70319,0.93355,1,0.98786,0.63797,1.20481,0.92912,2.02031,0.00114068,0.00114068,0.00114068
219,2075.47,1.10752,0.85794,1.72184,0.93355,1,0.98786,0.63797,1.20481,0.92912,2.02031,0.00113672,0.00113672,0.00113672
220,2084.81,0.96664,0.76396,1.49755,0.90799,0.98733,0.98065,0.63413,1.22503,0.94408,2.01522,0.00113276,0.00113276,0.00113276
221,2094.27,1.28774,0.94544,1.73573,0.90799,0.98733,0.98065,0.63413,1.22503,0.94408,2.01522,0.0011288,0.0011288,0.0011288
222,2103.46,1.46664,0.94735,1.74353,0.95055,0.96156,0.99024,0.64177,1.28385,0.9432,2.04498,0.00112484,0.00112484,0.00112484
223,2112.62,1.17036,0.8413,1.57522,0.95055,0.96156,0.99024,0.64177,1.28385,0.9432,2.04498,0.00112088,0.00112088,0.00112088
224,2121.79,1.23553,0.91207,1.56809,0.9517,0.98579,0.99262,0.6484,1.28307,0.91032,2.04356,0.00111692,0.00111692,0.00111692
225,2130.98,1.10094,0.88492,1.51015,0.9517,0.98579,0.99262,0.6484,1.28307,0.91032,2.04356,0.00111296,0.00111296,0.00111296
226,2140.29,1.10722,0.90723,1.69738,0.98874,0.95,0.99045,0.65765,1.30795,0.93495,2.07077,0.001109,0.001109,0.001109
227,2149.57,0.98363,0.8026,1.39945,0.98874,0.95,0.99045,0.65765,1.30795,0.93495,2.07077,0.00110504,0.00110504,0.00110504
228,2158.82,1.09207,0.85782,1.66129,1,0.99008,0.995,0.65829,1.2254,0.92986,2.01249,0.00110108,0.00110108,0.00110108
229,2168.11,1.13244,0.93079,1.6679,1,0.99008,0.995,0.65829,1.2254,0.92986,2.01249,0.00109712,0.00109712,0.00109712
230,2177.44,0.99142,0.82153,1.46545,0.88117,0.9,0.95574,0.60929,1.40281,1.57902,2.16969,0.00109316,0.00109316,0.00109316
231,2186.72,1.0322,0.80874,1.45446,0.88117,0.9,0.95574,0.60929,1.40281,1.57902,2.16969,0.0010892,0.0010892,0.0010892
232,2196.06,0.94779,0.83203,1.46221,1,0.69837,0.9206,0.50495,1.58018,1.72794,2.34963,0.00108524,0.00108524,0.00108524
233,2205.15,1.33076,0.96711,2.0661,1,0.69837,0.9206,0.50495,1.58018,1.72794,2.34963,0.00108128,0.00108128,0.00108128
234,2214.44,1.01541,0.75797,1.39084,1,0.84823,0.95929,0.48263,1.63798,1.30634,2.37306,0.00107732,0.00107732,0.00107732
235,2223.69,1.12209,0.83582,1.47047,1,0.84823,0.95929,0.48263,1.63798,1.30634,2.37306,0.00107336,0.00107336,0.00107336
236,2232.94,1.14441,0.85863,1.55037,0.94301,1,0.99262,0.63564,1.33013,0.89255,2.05417,0.0010694,0.0010694,0.0010694
237,2242.19,0.93122,0.82237,1.45626,0.94301,1,0.99262,0.63564,1.33013,0.89255,2.05417,0.00106544,0.00106544,0.00106544
238,2251.35,1.13096,0.88585,1.5602,0.93951,1,0.99024,0.75461,1.07897,0.77959,1.84939,0.00106148,0.00106148,0.00106148
239,2260.75,1.05251,0.77125,1.43038,0.93951,1,0.99024,0.75461,1.07897,0.77959,1.84939,0.00105752,0.00105752,0.00105752
240,2270.02,1.07422,0.90945,1.72432,0.94834,0.91852,0.98598,0.72258,1.07486,0.84246,1.89108,0.00105356,0.00105356,0.00105356
241,2279.25,1.03714,0.77284,1.4178,0.94834,0.91852,0.98598,0.72258,1.07486,0.84246,1.89108,0.0010496,0.0010496,0.0010496
242,2288.73,1.0738,0.90092,1.46878,0.85656,1,0.97388,0.65282,1.16984,0.90507,1.98684,0.00104564,0.00104564,0.00104564
243,2297.92,1.09774,0.83138,1.51341,0.85656,1,0.97388,0.65282,1.16984,0.90507,1.98684,0.00104168,0.00104168,0.00104168
244,2307.08,1.05635,0.87071,1.43201,0.97463,0.75,0.93226,0.59112,1.29431,1.04372,2.07911,0.00103772,0.00103772,0.00103772
245,2316.33,0.91884,0.81297,1.49562,0.97463,0.75,0.93226,0.59112,1.29431,1.04372,2.07911,0.00103376,0.00103376,0.00103376
246,2325.57,0.99301,0.71878,1.42599,0.93739,0.74872,0.90772,0.56013,1.26551,1.08626,2.02899,0.0010298,0.0010298,0.0010298
247,2334.83,1.02606,0.7441,1.47398,0.93739,0.74872,0.90772,0.56013,1.26551,1.08626,2.02899,0.00102584,0.00102584,0.00102584
248,2344.09,0.95042,0.71783,1.37342,0.92922,0.85,0.96083,0.58849,1.28699,1.02654,2.07038,0.00102188,0.00102188,0.00102188
249,2353.44,0.96714,0.76323,1.47286,0.92922,0.85,0.96083,0.58849,1.28699,1.02654,2.07038,0.00101792,0.00101792,0.00101792
250,2362.67,0.93058,0.77244,1.54775,0.9897,0.95,0.98204,0.62339,1.24973,0.93161,2.01793,0.00101396,0.00101396,0.00101396
251,2371.8,0.90631,0.7475,1.49919,0.9897,0.95,0.98204,0.62339,1.24973,0.93161,2.01793,0.00101,0.00101,0.00101
252,2381.03,1.34852,1.08212,1.69426,0.95164,1,0.99262,0.68636,1.13321,0.85381,1.90762,0.00100604,0.00100604,0.00100604
253,2390.18,0.95229,0.82852,1.45659,0.95164,1,0.99262,0.68636,1.13321,0.85381,1.90762,0.00100208,0.00100208,0.00100208
254,2399.44,0.94873,0.75331,1.52584,0.94815,1,0.99262,0.70363,1.10406,0.86152,1.86631,0.00099812,0.00099812,0.00099812
255,2408.73,0.95852,0.8366,1.44782,0.94815,1,0.99262,0.70363,1.10406,0.86152,1.86631,0.00099416,0.00099416,0.00099416
256,2418.05,0.92569,0.78102,1.45509,0.92303,0.9,0.96337,0.69158,1.11388,0.88546,1.85217,0.0009902,0.0009902,0.0009902
257,2427.13,0.83471,0.60978,1.16065,0.92303,0.9,0.96337,0.69158,1.11388,0.88546,1.85217,0.00098624,0.00098624,0.00098624
258,2436.39,0.80004,0.67335,1.33708,0.94427,0.84735,0.95669,0.68858,1.13448,0.87772,1.8477,0.00098228,0.00098228,0.00098228
259,2445.66,0.95589,0.73262,1.43534,0.94427,0.84735,0.95669,0.68858,1.13448,0.87772,1.8477,0.00097832,0.00097832,0.00097832
260,2455.01,0.99929,0.73464,1.44979,0.85666,0.89659,0.92513,0.66301,1.19633,0.94602,1.91882,0.00097436,0.00097436,0.00097436
261,2464.29,0.98947,0.80478,1.73288,0.85666,0.89659,0.92513,0.66301,1.19633,0.94602,1.91882,0.0009704,0.0009704,0.0009704
262,2473.56,0.76974,0.67629,1.20892,0.90788,0.98605,0.97012,0.64813,1.22195,0.9538,1.96015,0.00096644,0.00096644,0.00096644
263,2482.73,1.05597,0.86745,1.42871,0.90788,0.98605,0.97012,0.64813,1.22195,0.9538,1.96015,0.00096248,0.00096248,0.00096248
264,2491.97,0.93076,0.74885,1.47608,0.89855,1,0.98795,0.70199,1.12756,0.84727,1.85702,0.00095852,0.00095852,0.00095852
265,2501.23,0.92155,0.7123,1.45295,0.89855,1,0.98795,0.70199,1.12756,0.84727,1.85702,0.00095456,0.00095456,0.00095456
266,2510.5,0.81098,0.6794,1.35953,0.9881,1,0.995,0.7766,0.97961,0.80195,1.72626,0.0009506,0.0009506,0.0009506
267,2519.7,0.90978,0.79099,1.43585,0.9881,1,0.995,0.7766,0.97961,0.80195,1.72626,0.00094664,0.00094664,0.00094664
268,2528.91,0.99124,0.75201,1.4971,1,0.98465,0.995,0.76484,0.96412,0.75444,1.69735,0.00094268,0.00094268,0.00094268
269,2537.97,1.0002,0.78402,1.49729,1,0.98465,0.995,0.76484,0.96412,0.75444,1.69735,0.00093872,0.00093872,0.00093872
270,2547.26,0.9953,0.69767,1.41165,0.98415,0.9,0.98372,0.71748,1.03564,0.80329,1.77249,0.00093476,0.00093476,0.00093476
271,2556.46,0.95173,0.6884,1.30454,0.98415,0.9,0.98372,0.71748,1.03564,0.80329,1.77249,0.0009308,0.0009308,0.0009308
272,2565.73,0.92937,0.74055,1.48829,1,0.89652,0.98848,0.63268,1.1936,0.87614,1.91496,0.00092684,0.00092684,0.00092684
273,2575.07,0.89615,0.69871,1.36158,1,0.89652,0.98848,0.63268,1.1936,0.87614,1.91496,0.00092288,0.00092288,0.00092288
274,2584.26,0.74141,0.60951,1.24162,0.98224,1,0.995,0.66581,1.16874,0.87403,1.8971,0.00091892,0.00091892,0.00091892
275,2593.62,1.10006,0.89102,1.74164,0.98224,1,0.995,0.66581,1.16874,0.87403,1.8971,0.00091496,0.00091496,0.00091496
276,2602.86,1.20911,0.96159,1.4246,0.99707,1,0.995,0.70212,1.10393,0.83616,1.82218,0.000911,0.000911,0.000911
277,2612.02,1.10563,0.79208,1.46559,0.99707,1,0.995,0.70212,1.10393,0.83616,1.82218,0.00090704,0.00090704,0.00090704
278,2621.16,0.87368,0.69669,1.37135,0.99497,1,0.995,0.67256,1.20591,0.94449,1.91597,0.00090308,0.00090308,0.00090308
279,2630.39,0.91573,0.64663,1.31229,0.99497,1,0.995,0.67256,1.20591,0.94449,1.91597,0.00089912,0.00089912,0.00089912
280,2639.73,0.83191,0.65101,1.38083,0.90637,0.96863,0.98795,0.6105,1.30069,1.18529,1.99846,0.00089516,0.00089516,0.00089516
281,2648.98,0.91193,0.79803,1.45718,0.90637,0.96863,0.98795,0.6105,1.30069,1.18529,1.99846,0.0008912,0.0008912,0.0008912
282,2658.4,0.80473,0.64558,1.36417,0.78033,1,0.95667,0.64748,1.28011,1.33951,1.95265,0.00088724,0.00088724,0.00088724
283,2667.6,0.89569,0.66733,1.62172,0.78033,1,0.95667,0.64748,1.28011,1.33951,1.95265,0.00088328,0.00088328,0.00088328
284,2676.97,0.96914,0.74391,1.3435,0.86061,0.95,0.97704,0.65805,1.16959,1.13704,1.85544,0.00087932,0.00087932,0.00087932
285,2686.26,0.84466,0.63606,1.26752,0.86061,0.95,0.97704,0.65805,1.16959,1.13704,1.85544,0.00087536,0.00087536,0.00087536
286,2695.51,0.93845,0.70453,1.44479,0.98849,0.95,0.98848,0.73899,1.0508,0.87059,1.76106,0.0008714,0.0008714,0.0008714
287,2704.7,0.87896,0.68099,1.31778,0.98849,0.95,0.98848,0.73899,1.0508,0.87059,1.76106,0.00086744,0.00086744,0.00086744
288,2714.06,0.92466,0.99295,1.47879,1,0.93267,0.98848,0.70237,1.10426,0.80301,1.78889,0.00086348,0.00086348,0.00086348
289,2723.39,0.8733,0.70142,1.29071,1,0.93267,0.98848,0.70237,1.10426,0.80301,1.78889,0.00085952,0.00085952,0.00085952
290,2732.72,1.08347,0.80328,1.55482,0.90874,0.99598,0.98795,0.6759,1.09457,0.81105,1.7931,0.00085556,0.00085556,0.00085556
291,2741.99,1.02038,0.75107,1.57643,0.90874,0.99598,0.98795,0.6759,1.09457,0.81105,1.7931,0.0008516,0.0008516,0.0008516
292,2751.24,0.82628,0.64857,1.28572,0.90747,0.98126,0.98545,0.69913,1.03019,0.81549,1.76932,0.00084764,0.00084764,0.00084764
293,2760.45,1.00076,0.91262,1.45727,0.90747,0.98126,0.98545,0.69913,1.03019,0.81549,1.76932,0.00084368,0.00084368,0.00084368
294,2769.87,0.91088,0.78285,1.49882,0.94904,0.93176,0.97698,0.6951,1.03158,0.83594,1.78755,0.00083972,0.00083972,0.00083972
295,2779.16,0.8403,0.69416,1.43751,0.94904,0.93176,0.97698,0.6951,1.03158,0.83594,1.78755,0.00083576,0.00083576,0.00083576
296,2788.5,0.74224,0.61437,1.16147,0.99363,0.95,0.98071,0.66946,1.07375,0.8556,1.83807,0.0008318,0.0008318,0.0008318
297,2797.83,0.88967,0.75144,1.45917,0.99363,0.95,0.98071,0.66946,1.07375,0.8556,1.83807,0.00082784,0.00082784,0.00082784
298,2807.14,1.09629,0.77642,1.64628,0.97778,0.95,0.98204,0.6787,1.11881,0.83756,1.86478,0.00082388,0.00082388,0.00082388
299,2816.28,0.83117,0.71388,1.2948,0.97778,0.95,0.98204,0.6787,1.11881,0.83756,1.86478,0.00081992,0.00081992,0.00081992
300,2825.65,0.89617,0.72742,1.47776,0.9896,0.95,0.99045,0.68573,1.06025,0.78494,1.81752,0.00081596,0.00081596,0.00081596
301,2834.9,0.82384,0.66107,1.37618,0.9896,0.95,0.99045,0.68573,1.06025,0.78494,1.81752,0.000812,0.000812,0.000812
302,2844.11,0.9218,0.77297,1.39364,1,0.94782,0.99262,0.72809,0.96199,0.75377,1.74064,0.00080804,0.00080804,0.00080804
303,2853.28,0.78961,0.67495,1.12848,1,0.94782,0.99262,0.72809,0.96199,0.75377,1.74064,0.00080408,0.00080408,0.00080408
304,2862.45,0.97363,0.70962,1.56682,0.99101,0.95,0.99262,0.75574,0.91835,0.76455,1.69163,0.00080012,0.00080012,0.00080012
305,2871.95,0.84905,0.65953,1.29007,0.99101,0.95,0.99262,0.75574,0.91835,0.76455,1.69163,0.00079616,0.00079616,0.00079616
306,2881.27,0.84236,0.66377,1.35839,0.98526,1,0.995,0.787,0.90968,0.76473,1.66278,0.0007922,0.0007922,0.0007922
307,2890.71,0.81614,0.74503,1.43167,0.98526,1,0.995,0.787,0.90968,0.76473,1.66278,0.00078824,0.00078824,0.00078824
308,2900.19,0.85286,0.61552,1.31997,0.99174,1,0.995,0.7614,0.91505,0.77508,1.65965,0.00078428,0.00078428,0.00078428
309,2909.26,0.68703,0.62296,1.28794,0.99174,1,0.995,0.7614,0.91505,0.77508,1.65965,0.00078032,0.00078032,0.00078032
310,2918.59,0.86379,0.68494,1.22401,1,0.98525,0.995,0.75883,0.95555,0.80228,1.6855,0.00077636,0.00077636,0.00077636
311,2927.83,0.74599,0.63419,1.19737,1,0.98525,0.995,0.75883,0.95555,0.80228,1.6855,0.0007724,0.0007724,0.0007724
312,2937.22,0.81422,0.66469,1.38975,1,0.99645,0.995,0.71129,1.0546,0.81724,1.77341,0.00076844,0.00076844,0.00076844
313,2946.32,0.82145,0.66665,1.26213,1,0.99645,0.995,0.71129,1.0546,0.81724,1.77341,0.00076448,0.00076448,0.00076448
314,2955.8,0.69687,0.62657,1.24377,0.99839,1,0.995,0.70968,1.08844,0.82333,1.80169,0.00076052,0.00076052,0.00076052
315,2965.09,0.89291,0.62376,1.23591,0.99839,1,0.995,0.70968,1.08844,0.82333,1.80169,0.00075656,0.00075656,0.00075656
316,2974.25,0.97961,0.7247,1.30887,0.97581,1,0.995,0.75012,0.9924,0.82207,1.72677,0.0007526,0.0007526,0.0007526
317,2983.55,0.88711,0.72228,1.43138,0.97581,1,0.995,0.75012,0.9924,0.82207,1.72677,0.00074864,0.00074864,0.00074864
318,2992.73,0.74557,0.65383,1.34024,0.97898,1,0.995,0.75915,0.92775,0.79798,1.66304,0.00074468,0.00074468,0.00074468
319,3001.92,1.05173,0.75984,1.67968,0.97898,1,0.995,0.75915,0.92775,0.79798,1.66304,0.00074072,0.00074072,0.00074072
320,3011,0.91839,0.66759,1.44075,0.97903,1,0.995,0.72671,0.98131,0.76439,1.69064,0.00073676,0.00073676,0.00073676
321,3020.34,0.82295,0.60404,1.32334,0.97903,1,0.995,0.72671,0.98131,0.76439,1.69064,0.0007328,0.0007328,0.0007328
322,3029.51,0.71404,0.60033,1.18802,1,0.99595,0.995,0.71876,1.02919,0.74549,1.73484,0.00072884,0.00072884,0.00072884
323,3038.65,1.22805,0.88113,1.64463,1,0.99595,0.995,0.71876,1.02919,0.74549,1.73484,0.00072488,0.00072488,0.00072488
324,3047.85,0.91138,0.64675,1.27274,1,0.9933,0.995,0.74228,1.01472,0.72827,1.73034,0.00072092,0.00072092,0.00072092
325,3057.1,0.91037,0.69038,1.57809,1,0.9933,0.995,0.74228,1.01472,0.72827,1.73034,0.00071696,0.00071696,0.00071696
326,3066.41,0.7853,0.67862,1.32015,1,0.99283,0.995,0.76053,0.94173,0.68734,1.67305,0.000713,0.000713,0.000713
327,3075.7,0.83876,0.63403,1.39219,1,0.99283,0.995,0.76053,0.94173,0.68734,1.67305,0.00070904,0.00070904,0.00070904
328,3085,1.00932,0.74745,1.40046,0.9938,1,0.995,0.78367,0.87069,0.63606,1.61926,0.00070508,0.00070508,0.00070508
329,3094.13,0.92587,0.69808,1.26798,0.9938,1,0.995,0.78367,0.87069,0.63606,1.61926,0.00070112,0.00070112,0.00070112
330,3103.44,0.98813,1.07706,1.69168,0.99417,1,0.995,0.76992,0.94146,0.65426,1.67098,0.00069716,0.00069716,0.00069716
331,3112.66,0.80211,0.61471,1.36547,0.99417,1,0.995,0.76992,0.94146,0.65426,1.67098,0.0006932,0.0006932,0.0006932
332,3121.95,1.05335,0.71463,1.55382,0.99396,1,0.995,0.73398,0.95699,0.6608,1.68755,0.00068924,0.00068924,0.00068924
333,3131.17,0.70766,0.60433,1.27754,0.99396,1,0.995,0.73398,0.95699,0.6608,1.68755,0.00068528,0.00068528,0.00068528
334,3140.35,0.84989,0.72238,1.5147,0.9994,1,0.995,0.77106,0.87608,0.62292,1.62062,0.00068132,0.00068132,0.00068132
335,3149.61,0.88488,0.65902,1.34156,0.9994,1,0.995,0.77106,0.87608,0.62292,1.62062,0.00067736,0.00067736,0.00067736
336,3158.98,0.75472,0.60433,1.3031,1,0.98686,0.995,0.79969,0.85656,0.64397,1.60625,0.0006734,0.0006734,0.0006734
337,3168.35,1.26526,0.72135,1.76149,1,0.98686,0.995,0.79969,0.85656,0.64397,1.60625,0.00066944,0.00066944,0.00066944
338,3177.64,0.73036,0.58237,1.26322,1,0.94697,0.98667,0.74029,0.90823,0.66372,1.63941,0.00066548,0.00066548,0.00066548
339,3186.91,1.25388,0.94559,1.6175,1,0.94697,0.98667,0.74029,0.90823,0.66372,1.63941,0.00066152,0.00066152,0.00066152
340,3196.22,0.74885,0.58076,1.27774,0.99439,0.95,0.99262,0.71506,0.95614,0.69453,1.66887,0.00065756,0.00065756,0.00065756
341,3205.36,0.89709,0.74048,1.53196,0.99439,0.95,0.99262,0.71506,0.95614,0.69453,1.66887,0.0006536,0.0006536,0.0006536
342,3214.83,0.69678,0.63745,1.21609,0.98739,0.95,0.99262,0.69644,0.95159,0.68957,1.66354,0.00064964,0.00064964,0.00064964
343,3224.21,0.76693,0.58827,1.24542,0.98739,0.95,0.99262,0.69644,0.95159,0.68957,1.66354,0.00064568,0.00064568,0.00064568
344,3233.61,0.83585,0.6646,1.2249,0.99974,1,0.995,0.74435,0.94828,0.70179,1.66597,0.00064172,0.00064172,0.00064172
345,3242.95,0.93748,0.6604,1.30568,0.99974,1,0.995,0.74435,0.94828,0.70179,1.66597,0.00063776,0.00063776,0.00063776
346,3252.5,0.84717,0.58836,1.37433,0.98984,1,0.995,0.75528,0.90841,0.70308,1.63635,0.0006338,0.0006338,0.0006338
347,3261.81,0.82592,0.63372,1.26558,0.98984,1,0.995,0.75528,0.90841,0.70308,1.63635,0.00062984,0.00062984,0.00062984
348,3271.08,0.9348,0.77729,1.46751,0.99522,1,0.995,0.77433,0.9137,0.68849,1.66772,0.00062588,0.00062588,0.00062588
349,3280.46,0.8065,0.60396,1.37044,0.99522,1,0.995,0.77433,0.9137,0.68849,1.66772,0.00062192,0.00062192,0.00062192
350,3289.79,0.76321,0.57169,1.2797,0.99878,1,0.995,0.76042,0.92193,0.66835,1.68073,0.00061796,0.00061796,0.00061796
351,3299.09,0.97265,0.8065,1.35131,0.99878,1,0.995,0.76042,0.92193,0.66835,1.68073,0.000614,0.000614,0.000614
352,3308.47,0.8583,0.77298,1.23091,0.94454,1,0.99262,0.73824,0.92218,0.66761,1.65741,0.00061004,0.00061004,0.00061004
353,3317.77,0.73769,0.55709,1.348,0.94454,1,0.99262,0.73824,0.92218,0.66761,1.65741,0.00060608,0.00060608,0.00060608
354,3326.95,0.73594,0.57483,1.06169,0.99571,1,0.995,0.74668,0.96629,0.66361,1.68883,0.00060212,0.00060212,0.00060212
355,3336.31,0.81717,0.59691,1.33039,0.99571,1,0.995,0.74668,0.96629,0.66361,1.68883,0.00059816,0.00059816,0.00059816
356,3345.76,0.62835,0.56412,1.14271,0.99352,1,0.995,0.73033,1.05359,0.68091,1.74888,0.0005942,0.0005942,0.0005942
357,3354.99,1.11377,0.76299,1.61282,0.99352,1,0.995,0.73033,1.05359,0.68091,1.74888,0.00059024,0.00059024,0.00059024
358,3364.28,0.79913,0.63886,1.41378,0.99404,1,0.995,0.72121,1.02045,0.65603,1.70189,0.00058628,0.00058628,0.00058628
359,3373.69,0.83083,0.63958,1.24604,0.99404,1,0.995,0.72121,1.02045,0.65603,1.70189,0.00058232,0.00058232,0.00058232
360,3382.93,0.7537,0.63135,1.45084,0.99442,1,0.995,0.73397,1.01059,0.64854,1.70429,0.00057836,0.00057836,0.00057836
361,3392.21,1.03251,0.80599,1.83307,0.99442,1,0.995,0.73397,1.01059,0.64854,1.70429,0.0005744,0.0005744,0.0005744
362,3401.42,0.76491,0.66154,1.28584,0.98622,1,0.995,0.72002,1.03669,0.67119,1.72177,0.00057044,0.00057044,0.00057044
363,3410.63,0.75278,0.60215,1.29533,0.98622,1,0.995,0.72002,1.03669,0.67119,1.72177,0.00056648,0.00056648,0.00056648
364,3420,0.82699,0.6616,1.31375,0.98736,1,0.995,0.70205,1.07208,0.70922,1.74244,0.00056252,0.00056252,0.00056252
365,3429.28,0.89375,0.69937,1.45116,0.98736,1,0.995,0.70205,1.07208,0.70922,1.74244,0.00055856,0.00055856,0.00055856
366,3438.68,0.88977,0.74505,1.55811,0.99244,1,0.995,0.71956,1.02044,0.70344,1.71961,0.0005546,0.0005546,0.0005546
367,3447.78,1.03679,0.64209,1.33198,0.99244,1,0.995,0.71956,1.02044,0.70344,1.71961,0.00055064,0.00055064,0.00055064
368,3457.04,0.88146,0.6142,1.32893,0.9941,1,0.995,0.73722,0.95671,0.65838,1.67186,0.00054668,0.00054668,0.00054668
369,3466.33,0.76513,0.5935,1.21182,0.9941,1,0.995,0.73722,0.95671,0.65838,1.67186,0.00054272,0.00054272,0.00054272
370,3475.64,1.06609,0.7591,1.71901,0.99216,1,0.995,0.72394,0.91258,0.63117,1.62938,0.00053876,0.00053876,0.00053876
371,3484.77,0.73968,0.58338,1.36,0.99216,1,0.995,0.72394,0.91258,0.63117,1.62938,0.0005348,0.0005348,0.0005348
372,3494.01,0.83862,0.7013,1.43852,0.99489,1,0.995,0.75193,0.88687,0.65405,1.62925,0.00053084,0.00053084,0.00053084
373,3503.22,0.79145,0.64032,1.26706,0.99489,1,0.995,0.75193,0.88687,0.65405,1.62925,0.00052688,0.00052688,0.00052688
374,3512.56,0.71462,0.57063,1.20724,0.99613,1,0.995,0.75234,0.89753,0.68259,1.65778,0.00052292,0.00052292,0.00052292
375,3521.77,0.83935,0.70188,1.54397,0.99613,1,0.995,0.75234,0.89753,0.68259,1.65778,0.00051896,0.00051896,0.00051896
376,3531.11,0.80964,0.65645,1.24684,0.99751,1,0.995,0.71867,0.95832,0.70871,1.70607,0.000515,0.000515,0.000515
377,3540.21,0.79043,0.58802,1.23982,0.99751,1,0.995,0.71867,0.95832,0.70871,1.70607,0.00051104,0.00051104,0.00051104
378,3549.62,0.69755,0.59581,1.31055,0.99957,1,0.995,0.737,0.93565,0.72741,1.69376,0.00050708,0.00050708,0.00050708
379,3558.99,0.747,0.59268,1.27126,0.99957,1,0.995,0.737,0.93565,0.72741,1.69376,0.00050312,0.00050312,0.00050312
380,3568.36,0.67591,0.55653,1.1801,1,0.99549,0.995,0.76819,0.87667,0.71756,1.64312,0.00049916,0.00049916,0.00049916
381,3577.56,0.76847,0.58581,1.23771,1,0.99549,0.995,0.76819,0.87667,0.71756,1.64312,0.0004952,0.0004952,0.0004952
382,3586.92,0.87066,0.69639,1.49488,0.94817,1,0.99262,0.79149,0.83494,0.67364,1.60055,0.00049124,0.00049124,0.00049124
383,3596.29,0.71548,0.5754,1.13622,0.94817,1,0.99262,0.79149,0.83494,0.67364,1.60055,0.00048728,0.00048728,0.00048728
384,3605.72,0.78705,0.62216,1.33056,0.94714,1,0.99262,0.80392,0.818,0.62865,1.58732,0.00048332,0.00048332,0.00048332
385,3615,0.78438,0.64383,1.36239,0.94714,1,0.99262,0.80392,0.818,0.62865,1.58732,0.00047936,0.00047936,0.00047936
386,3624.17,0.84686,0.64725,1.34754,0.94559,1,0.99262,0.80447,0.81693,0.60538,1.57137,0.0004754,0.0004754,0.0004754
387,3633.52,0.71598,0.58638,1.33457,0.94559,1,0.99262,0.80447,0.81693,0.60538,1.57137,0.00047144,0.00047144,0.00047144
388,3642.8,0.92153,0.74972,1.65156,1,0.99607,0.995,0.78813,0.83932,0.59531,1.5879,0.00046748,0.00046748,0.00046748
389,3652.04,0.84717,0.66652,1.40354,1,0.99607,0.995,0.78813,0.83932,0.59531,1.5879,0.00046352,0.00046352,0.00046352
390,3661.28,0.67635,0.54523,1.13647,0.99299,1,0.995,0.77643,0.87312,0.61149,1.62419,0.00045956,0.00045956,0.00045956
391,3670.84,0.8961,0.77964,1.49683,0.99299,1,0.995,0.77643,0.87312,0.61149,1.62419,0.0004556,0.0004556,0.0004556
392,3680.1,0.83887,0.69218,1.57949,0.99521,1,0.995,0.80266,0.82785,0.62817,1.59078,0.00045164,0.00045164,0.00045164
393,3689.37,0.6613,0.59578,1.17736,0.99521,1,0.995,0.80266,0.82785,0.62817,1.59078,0.00044768,0.00044768,0.00044768
394,3698.95,0.77787,0.60641,1.22322,0.99357,1,0.995,0.80742,0.79233,0.63822,1.56976,0.00044372,0.00044372,0.00044372
395,3708.23,0.58671,0.50584,1.13481,0.99357,1,0.995,0.80742,0.79233,0.63822,1.56976,0.00043976,0.00043976,0.00043976
396,3717.44,0.74088,0.57034,1.15354,0.99338,1,0.995,0.82026,0.78217,0.63871,1.55134,0.0004358,0.0004358,0.0004358
397,3726.54,0.84906,0.67121,1.37068,0.99338,1,0.995,0.82026,0.78217,0.63871,1.55134,0.00043184,0.00043184,0.00043184
398,3735.78,0.94089,0.79097,1.42702,0.99362,1,0.995,0.8182,0.79202,0.62502,1.53893,0.00042788,0.00042788,0.00042788
399,3745.04,0.84546,0.69777,1.30739,0.99362,1,0.995,0.8182,0.79202,0.62502,1.53893,0.00042392,0.00042392,0.00042392
400,3754.47,0.70079,0.58795,1.22401,0.9939,1,0.995,0.80716,0.81707,0.60632,1.53977,0.00041996,0.00041996,0.00041996
401,3764.35,0.58981,0.49039,1.16911,0.9939,1,0.995,0.80716,0.81707,0.60632,1.53977,0.000416,0.000416,0.000416
402,3773.71,0.81965,0.60796,1.45581,0.99542,1,0.995,0.77066,0.85574,0.59365,1.55229,0.00041204,0.00041204,0.00041204
403,3783.11,1.05178,1.04271,1.70242,0.99542,1,0.995,0.77066,0.85574,0.59365,1.55229,0.00040808,0.00040808,0.00040808
404,3792.38,0.79116,0.55403,1.21741,0.99691,1,0.995,0.75587,0.88892,0.60447,1.57223,0.00040412,0.00040412,0.00040412
405,3801.82,0.84669,0.67123,1.32162,0.99691,1,0.995,0.75587,0.88892,0.60447,1.57223,0.00040016,0.00040016,0.00040016
406,3811.18,0.79271,0.62123,1.21886,0.9966,1,0.995,0.7504,0.90369,0.61739,1.5887,0.0003962,0.0003962,0.0003962
407,3820.44,0.76326,0.62504,1.33984,0.9966,1,0.995,0.7504,0.90369,0.61739,1.5887,0.00039224,0.00039224,0.00039224
408,3829.68,0.57741,0.51517,1.25178,0.99615,1,0.995,0.74536,0.9018,0.63034,1.59911,0.00038828,0.00038828,0.00038828
409,3838.77,0.77833,0.57026,1.21009,0.99615,1,0.995,0.74536,0.9018,0.63034,1.59911,0.00038432,0.00038432,0.00038432
410,3847.97,0.77179,0.60188,1.35113,0.99695,1,0.995,0.74777,0.90744,0.63939,1.6165,0.00038036,0.00038036,0.00038036
411,3857.29,0.74381,0.56098,1.21137,0.99695,1,0.995,0.74777,0.90744,0.63939,1.6165,0.0003764,0.0003764,0.0003764
412,3866.63,0.74772,0.56713,1.27152,0.99701,1,0.995,0.76319,0.90382,0.64185,1.61938,0.00037244,0.00037244,0.00037244
413,3875.88,0.89649,0.71027,1.53429,0.99701,1,0.995,0.76319,0.90382,0.64185,1.61938,0.00036848,0.00036848,0.00036848
414,3885.16,0.75962,0.55846,1.25329,0.99503,1,0.995,0.7795,0.87582,0.63091,1.603,0.00036452,0.00036452,0.00036452
415,3894.47,0.69655,0.5637,1.30419,0.99503,1,0.995,0.7795,0.87582,0.63091,1.603,0.00036056,0.00036056,0.00036056
416,3903.76,0.7251,0.56424,1.25804,0.99404,1,0.995,0.78162,0.83704,0.61723,1.56497,0.0003566,0.0003566,0.0003566
417,3913.07,0.8218,0.68492,1.42892,0.99404,1,0.995,0.78162,0.83704,0.61723,1.56497,0.00035264,0.00035264,0.00035264
418,3922.32,0.75167,0.61766,1.34279,0.995,1,0.995,0.78494,0.82525,0.60926,1.53977,0.00034868,0.00034868,0.00034868
419,3931.66,0.7463,0.56355,1.25658,0.995,1,0.995,0.78494,0.82525,0.60926,1.53977,0.00034472,0.00034472,0.00034472
420,3940.9,0.75835,0.56714,1.31373,0.99503,1,0.995,0.78188,0.83236,0.58564,1.5338,0.00034076,0.00034076,0.00034076
421,3950.02,0.74831,0.6017,1.30796,0.99503,1,0.995,0.78188,0.83236,0.58564,1.5338,0.0003368,0.0003368,0.0003368
422,3959.35,0.83092,0.64725,1.40612,0.99499,1,0.995,0.79086,0.81792,0.57619,1.51967,0.00033284,0.00033284,0.00033284
423,3968.59,0.76902,0.58583,1.31556,0.99499,1,0.995,0.79086,0.81792,0.57619,1.51967,0.00032888,0.00032888,0.00032888
424,3977.81,0.56611,0.47369,1.05675,0.99548,1,0.995,0.7998,0.78241,0.56204,1.49692,0.00032492,0.00032492,0.00032492
425,3987.04,0.74476,0.58845,1.30548,0.99548,1,0.995,0.7998,0.78241,0.56204,1.49692,0.00032096,0.00032096,0.00032096
426,3996.36,0.91124,0.76146,1.75038,0.99584,1,0.995,0.81727,0.775,0.55804,1.49184,0.000317,0.000317,0.000317
427,4005.96,0.85456,0.61203,1.28606,0.99584,1,0.995,0.81727,0.775,0.55804,1.49184,0.00031304,0.00031304,0.00031304
428,4015.19,0.75247,0.69231,1.37876,0.99627,1,0.995,0.81676,0.77664,0.56707,1.49173,0.00030908,0.00030908,0.00030908
429,4024.63,0.77403,0.66106,1.43257,0.99627,1,0.995,0.81676,0.77664,0.56707,1.49173,0.00030512,0.00030512,0.00030512
430,4034.09,0.87442,0.61415,1.3989,0.99365,1,0.995,0.80361,0.80831,0.5784,1.51153,0.00030116,0.00030116,0.00030116
431,4043.29,0.6324,0.48867,1.21002,0.99365,1,0.995,0.80361,0.80831,0.5784,1.51153,0.0002972,0.0002972,0.0002972
432,4052.58,0.72068,0.55192,1.1544,0.99529,1,0.995,0.78146,0.85,0.59516,1.52944,0.00029324,0.00029324,0.00029324
433,4061.79,0.66234,0.61424,1.33251,0.99529,1,0.995,0.78146,0.85,0.59516,1.52944,0.00028928,0.00028928,0.00028928
434,4071.06,0.64791,0.52915,1.19049,0.99468,1,0.995,0.76267,0.89473,0.60576,1.5539,0.00028532,0.00028532,0.00028532
435,4080.63,0.6579,0.53128,1.13246,0.99468,1,0.995,0.76267,0.89473,0.60576,1.5539,0.00028136,0.00028136,0.00028136
436,4089.89,0.67643,0.56028,1.18497,0.99325,1,0.995,0.78011,0.90519,0.60642,1.55905,0.0002774,0.0002774,0.0002774
437,4099.38,0.72633,0.57408,1.28702,0.99325,1,0.995,0.78011,0.90519,0.60642,1.55905,0.00027344,0.00027344,0.00027344
438,4108.87,0.74676,0.56186,1.28665,0.99366,1,0.995,0.78068,0.88154,0.59223,1.54361,0.00026948,0.00026948,0.00026948
439,4118.03,0.68843,0.53317,1.1946,0.99366,1,0.995,0.78068,0.88154,0.59223,1.54361,0.00026552,0.00026552,0.00026552
440,4127.39,0.70212,0.57383,1.24601,0.99401,1,0.995,0.76081,0.86446,0.60401,1.53758,0.00026156,0.00026156,0.00026156
441,4136.78,0.58765,0.53944,1.19813,0.99401,1,0.995,0.76081,0.86446,0.60401,1.53758,0.0002576,0.0002576,0.0002576
442,4146.18,0.60876,0.52558,1.22983,0.99268,1,0.995,0.76509,0.85874,0.60785,1.54272,0.00025364,0.00025364,0.00025364
443,4155.55,0.59287,0.53959,1.23183,0.99268,1,0.995,0.76509,0.85874,0.60785,1.54272,0.00024968,0.00024968,0.00024968
444,4164.92,0.66124,0.55026,1.13266,0.99378,1,0.995,0.76622,0.85292,0.60098,1.54095,0.00024572,0.00024572,0.00024572
445,4174.17,0.73849,0.64856,1.45583,0.99378,1,0.995,0.76622,0.85292,0.60098,1.54095,0.00024176,0.00024176,0.00024176
446,4183.4,0.70652,0.5086,1.21462,0.99408,1,0.995,0.77025,0.85714,0.59802,1.54435,0.0002378,0.0002378,0.0002378
447,4192.79,0.63577,0.49709,1.20471,0.99408,1,0.995,0.77025,0.85714,0.59802,1.54435,0.00023384,0.00023384,0.00023384
448,4202.6,0.67956,0.56263,1.21097,0.99498,1,0.995,0.78957,0.83823,0.58996,1.53525,0.00022988,0.00022988,0.00022988
449,4212.51,0.66354,0.55562,1.17231,0.99498,1,0.995,0.78957,0.83823,0.58996,1.53525,0.00022592,0.00022592,0.00022592
450,4221.81,0.64207,0.51426,1.1542,0.99576,1,0.995,0.79486,0.81764,0.57604,1.52421,0.00022196,0.00022196,0.00022196
451,4231.28,0.79274,0.59784,1.27194,0.99576,1,0.995,0.79486,0.81764,0.57604,1.52421,0.000218,0.000218,0.000218
452,4240.64,0.71828,0.55623,1.19711,0.99539,1,0.995,0.79447,0.80585,0.55697,1.50886,0.00021404,0.00021404,0.00021404
453,4250.01,0.80674,0.61274,1.42606,0.99539,1,0.995,0.79447,0.80585,0.55697,1.50886,0.00021008,0.00021008,0.00021008
454,4259.13,0.46223,0.41777,1.06262,0.99565,1,0.995,0.80461,0.80034,0.55684,1.5036,0.00020612,0.00020612,0.00020612
455,4268.38,0.79144,0.65167,1.45214,0.99565,1,0.995,0.80461,0.80034,0.55684,1.5036,0.00020216,0.00020216,0.00020216
456,4277.93,0.5833,0.51131,1.18204,0.99594,1,0.995,0.79237,0.80355,0.55805,1.50111,0.0001982,0.0001982,0.0001982
457,4287.09,0.72304,0.58187,1.399,0.99594,1,0.995,0.79237,0.80355,0.55805,1.50111,0.00019424,0.00019424,0.00019424
458,4296.44,0.56068,0.48514,1.20313,0.99596,1,0.995,0.79372,0.81004,0.56843,1.50234,0.00019028,0.00019028,0.00019028
459,4305.73,0.60956,0.48417,1.09114,0.99596,1,0.995,0.79372,0.81004,0.56843,1.50234,0.00018632,0.00018632,0.00018632
460,4315.3,0.60032,0.5464,1.16673,0.9957,1,0.995,0.79502,0.80912,0.56891,1.49889,0.00018236,0.00018236,0.00018236
461,4324.68,0.70551,0.57574,1.26908,0.9957,1,0.995,0.79502,0.80912,0.56891,1.49889,0.0001784,0.0001784,0.0001784
462,4333.9,0.56205,0.46021,1.16489,0.99569,1,0.995,0.79185,0.80144,0.56632,1.49034,0.00017444,0.00017444,0.00017444
463,4343.16,0.70094,0.6039,1.26292,0.99569,1,0.995,0.79185,0.80144,0.56632,1.49034,0.00017048,0.00017048,0.00017048
464,4352.57,0.71604,0.587,1.43571,0.99514,1,0.995,0.8136,0.79683,0.57217,1.48235,0.00016652,0.00016652,0.00016652
465,4361.84,0.56344,0.4611,1.07642,0.99514,1,0.995,0.8136,0.79683,0.57217,1.48235,0.00016256,0.00016256,0.00016256
466,4371.09,0.59312,0.56179,1.13443,0.99491,1,0.995,0.80624,0.79442,0.57087,1.4773,0.0001586,0.0001586,0.0001586
467,4380.28,0.6518,0.50469,1.13847,0.99491,1,0.995,0.80624,0.79442,0.57087,1.4773,0.00015464,0.00015464,0.00015464
468,4389.84,0.64892,0.49562,1.14585,0.99468,1,0.995,0.79991,0.80133,0.57119,1.48154,0.00015068,0.00015068,0.00015068
469,4399.23,0.58144,0.5202,1.16629,0.99468,1,0.995,0.79991,0.80133,0.57119,1.48154,0.00014672,0.00014672,0.00014672
470,4408.64,0.84996,0.68299,1.6996,0.99561,1,0.995,0.7986,0.80527,0.57263,1.48241,0.00014276,0.00014276,0.00014276
471,4418.07,0.63852,0.55417,1.23488,0.99561,1,0.995,0.7986,0.80527,0.57263,1.48241,0.0001388,0.0001388,0.0001388
472,4427.19,0.61325,0.53474,1.2322,0.99544,1,0.995,0.79295,0.80172,0.56588,1.48029,0.00013484,0.00013484,0.00013484
473,4436.33,0.83979,0.69343,1.46304,0.99544,1,0.995,0.79295,0.80172,0.56588,1.48029,0.00013088,0.00013088,0.00013088
474,4445.74,0.61209,0.51701,1.15761,0.99551,1,0.995,0.78916,0.79637,0.55096,1.4781,0.00012692,0.00012692,0.00012692
475,4455.07,0.59194,0.4924,1.07194,0.99551,1,0.995,0.78916,0.79637,0.55096,1.4781,0.00012296,0.00012296,0.00012296
476,4464.41,0.56104,0.48993,1.17131,0.99553,1,0.995,0.77624,0.80395,0.5473,1.4878,0.000119,0.000119,0.000119
477,4473.86,0.61379,0.51311,1.25184,0.99553,1,0.995,0.77624,0.80395,0.5473,1.4878,0.00011504,0.00011504,0.00011504
478,4483.16,0.75962,0.59295,1.27316,0.99495,1,0.995,0.77184,0.81775,0.54304,1.50225,0.00011108,0.00011108,0.00011108
479,4492.31,0.5935,0.54314,1.24222,0.99495,1,0.995,0.77184,0.81775,0.54304,1.50225,0.00010712,0.00010712,0.00010712
480,4501.69,0.54005,0.48364,1.18541,0.9956,1,0.995,0.77244,0.82642,0.54459,1.51186,0.00010316,0.00010316,0.00010316
481,4510.96,0.58985,0.47864,1.22859,0.9956,1,0.995,0.77244,0.82642,0.54459,1.51186,9.92e-05,9.92e-05,9.92e-05
482,4520.33,0.68141,0.52373,1.14159,0.99579,1,0.995,0.77316,0.82669,0.54743,1.51371,9.524e-05,9.524e-05,9.524e-05
483,4529.66,0.65152,0.52784,1.21198,0.99579,1,0.995,0.77316,0.82669,0.54743,1.51371,9.128e-05,9.128e-05,9.128e-05
484,4538.86,0.61516,0.62943,1.28208,0.99586,1,0.995,0.76745,0.82588,0.54694,1.5113,8.732e-05,8.732e-05,8.732e-05
485,4547.96,0.63438,0.57557,1.40398,0.99586,1,0.995,0.76745,0.82588,0.54694,1.5113,8.336e-05,8.336e-05,8.336e-05
486,4557.25,0.57425,0.50767,1.18282,0.99598,1,0.995,0.77011,0.82674,0.54687,1.51118,7.94e-05,7.94e-05,7.94e-05
487,4566.35,0.69043,0.54267,1.2153,0.99598,1,0.995,0.77011,0.82674,0.54687,1.51118,7.544e-05,7.544e-05,7.544e-05
488,4575.73,0.64174,0.55154,1.20893,0.9961,1,0.995,0.78326,0.82529,0.54977,1.50791,7.148e-05,7.148e-05,7.148e-05
489,4584.96,0.96397,0.65616,1.40683,0.9961,1,0.995,0.78326,0.82529,0.54977,1.50791,6.752e-05,6.752e-05,6.752e-05
490,4594.27,0.72872,0.58583,1.34349,0.99615,1,0.995,0.78334,0.82482,0.55687,1.50399,6.356e-05,6.356e-05,6.356e-05
491,4603.39,0.5602,0.49565,1.21384,0.99615,1,0.995,0.78334,0.82482,0.55687,1.50399,5.96e-05,5.96e-05,5.96e-05
492,4612.44,0.6377,0.57008,1.14156,0.99647,1,0.995,0.78067,0.82117,0.56189,1.49824,5.564e-05,5.564e-05,5.564e-05
493,4621.56,0.5054,0.52617,1.11403,0.99647,1,0.995,0.78067,0.82117,0.56189,1.49824,5.168e-05,5.168e-05,5.168e-05
494,4630.74,0.46626,0.50288,1.12514,0.99651,1,0.995,0.77932,0.81386,0.56167,1.49044,4.772e-05,4.772e-05,4.772e-05
495,4639.93,0.51359,0.52278,1.1572,0.99651,1,0.995,0.77932,0.81386,0.56167,1.49044,4.376e-05,4.376e-05,4.376e-05
496,4649.08,0.53224,0.49624,1.25113,0.99658,1,0.995,0.78013,0.80925,0.56102,1.48529,3.98e-05,3.98e-05,3.98e-05
497,4658.16,0.50193,0.50228,1.23908,0.99658,1,0.995,0.78013,0.80925,0.56102,1.48529,3.584e-05,3.584e-05,3.584e-05
